Row ID,Order ID,Order Date,Ship Date,Ship Mode,Customer ID,Customer Name,Segment,Country,City,State,Postal Code,Region,Product ID,Category,Sub-Category,Product Name,Sales,Quantity,Discount,Profit
1847,US-2017-158512,1/12/2017,1/17/2017,Second Class,DA-13450,Dianna Arnett,Home Office,United States,Washington,District of Columbia,20016,East,FUR-FU-10004973,Furniture,Furnishings,Flat Face Poster Frame,37.68,2,0.0,15.8256
4858,CA-2015-137526,1/13/2015,1/17/2015,Standard Class,PB-19150,Philip Brown,Consumer,United States,Los Angeles,California,90004,West,FUR-FU-10001861,Furniture,Furnishings,"Floodlight Indoor Halogen Bulbs, 1 Bulb per Pack, 60 Watts",77.6,4,0.0,38.024
9866,CA-2017-113278,1/14/2017,1/20/2017,Standard Class,HR-14770,Hallie Redmond,Home Office,United States,Richmond,Indiana,47374,Central,FUR-FU-10001037,Furniture,Furnishings,"DAX Charcoal/Nickel-Tone Document Frame, 5 x 7",18.96,2,0.0,8.532
6626,CA-2015-141250,1/19/2015,1/23/2015,Standard Class,PM-18940,Paul MacIntyre,Consumer,United States,Texas City,Texas,77590,Central,FUR-CH-10004875,Furniture,Chairs,Harbour Creations 67200 Series Stacking Chairs,199.304,4,0.3,-8.5416
1124,US-2014-147627,1/20/2014,1/26/2014,Standard Class,HL-15040,Hunter Lopez,Consumer,United States,Jonesboro,Arkansas,72401,South,FUR-FU-10003194,Furniture,Furnishings,"Eldon Expressions Desk Accessory, Wood Pencil Holder, Oak",38.6,4,0.0,11.58
9359,CA-2016-168046,1/25/2016,1/28/2016,Second Class,JD-15895,Jonathan Doherty,Corporate,United States,New York City,New York,10024,East,FUR-TA-10001095,Furniture,Tables,Chromcraft Round Conference Tables,313.722,3,0.4,-99.3453
3796,US-2014-117163,1/27/2014,2/2/2014,Standard Class,EJ-13720,Ed Jacobs,Consumer,United States,San Diego,California,92037,West,FUR-TA-10003469,Furniture,Tables,Balt Split Level Computer Training Table,333.0,3,0.2,-16.65
9413,CA-2015-164777,1/27/2015,1/29/2015,First Class,SC-20305,Sean Christensen,Consumer,United States,Los Angeles,California,90036,West,FUR-CH-10002024,Furniture,Chairs,HON 5400 Series Task Chairs for Big and Tall,2803.92,5,0.2,0.0
1416,CA-2017-115994,1/28/2017,1/31/2017,Second Class,BT-11305,Beth Thompson,Home Office,United States,Costa Mesa,California,92627,West,FUR-FU-10003976,Furniture,Furnishings,"DAX Executive Solid Wood Document Frame, Desktop or Hang, Mahogany, 5 x 7",37.74,3,0.0,12.8316
2709,CA-2015-121797,1/30/2015,2/6/2015,Standard Class,CC-12145,Charles Crestani,Consumer,United States,Los Angeles,California,90049,West,FUR-FU-10001876,Furniture,Furnishings,"Computer Room Manger, 14""",227.36,7,0.0,81.8496
8268,CA-2017-121790,1/30/2017,2/6/2017,Standard Class,LP-17095,Liz Preis,Consumer,United States,Aurora,Illinois,60505,Central,FUR-TA-10003469,Furniture,Tables,Balt Split Level Computer Training Table,69.375,1,0.5,-47.175
570,CA-2017-156951,10/1/2017,10/8/2017,Standard Class,EB-13840,Ellis Ballard,Corporate,United States,Seattle,Washington,98105,West,FUR-CH-10004997,Furniture,Chairs,Hon Every-Day Series Multi-Task Chairs,451.152,3,0.2,0.0
2217,CA-2017-129378,10/1/2017,10/2/2017,First Class,NS-18505,Neola Schneider,Consumer,United States,San Jose,California,95123,West,FUR-CH-10000553,Furniture,Chairs,"Metal Folding Chairs, Beige, 4/Carton",108.608,4,0.2,9.5032
8424,CA-2017-150091,10/12/2017,10/16/2017,Standard Class,NP-18670,Nora Paige,Consumer,United States,Lakewood,New Jersey,8701,East,FUR-FU-10004053,Furniture,Furnishings,DAX Two-Tone Silver Metal Document Frame,40.48,2,0.0,17.4064
1865,US-2016-100839,10/13/2016,10/17/2016,Standard Class,NC-18625,Noah Childs,Corporate,United States,Aurora,Colorado,80013,West,FUR-FU-10001617,Furniture,Furnishings,"Executive Impressions 8-1/2"" Career Panel/Partition Cubicle Clock",24.96,3,0.2,4.368
4898,US-2014-122021,10/15/2014,10/17/2014,First Class,AC-10660,Anna Chung,Consumer,United States,Parma,Ohio,44134,East,FUR-CH-10003761,Furniture,Chairs,Global Italian Leather Office Chair,183.372,2,0.3,-7.8588
6878,US-2015-123918,10/15/2015,10/15/2015,Same Day,CG-12520,Claire Gute,Consumer,United States,Dallas,Texas,75217,Central,FUR-FU-10004952,Furniture,Furnishings,"C-Line Cubicle Keepers Polyproplyene Holder w/Velcro Back, 8-1/2x11, 25/Bx",131.376,6,0.6,-95.2476
4631,US-2015-126235,10/15/2015,10/15/2015,Same Day,GA-14725,Guy Armstrong,Consumer,United States,Mount Pleasant,Michigan,48858,Central,FUR-FU-10000719,Furniture,Furnishings,"DAX Cubicle Frames, 8-1/2 x 11",17.14,2,0.0,6.1704
1978,CA-2014-110408,10/18/2014,10/20/2014,Second Class,AS-10225,Alan Schoenberger,Corporate,United States,Montgomery,Alabama,36116,South,FUR-CH-10003774,Furniture,Chairs,"Global Wood Trimmed Manager's Task Chair, Khaki",545.88,6,0.0,70.9644
5318,US-2017-162558,10/2/2017,10/5/2017,First Class,Dp-13240,Dean percer,Home Office,United States,Knoxville,Tennessee,37918,South,FUR-FU-10004864,Furniture,Furnishings,Eldon 500 Class Desk Accessories,9.656,1,0.2,1.5691
8069,US-2015-160563,10/20/2015,10/24/2015,Standard Class,NS-18640,Noel Staavos,Corporate,United States,San Francisco,California,94109,West,FUR-FU-10001731,Furniture,Furnishings,Acrylic Self-Standing Desk Frames,16.02,6,0.0,6.0876
8086,CA-2016-105753,10/20/2016,10/26/2016,Standard Class,LC-16960,Lindsay Castell,Home Office,United States,Arlington,Virginia,22204,South,FUR-FU-10000246,Furniture,Furnishings,Aluminum Document Frame,61.1,5,0.0,18.33
454,CA-2017-147277,10/20/2017,10/24/2017,Standard Class,EB-13705,Ed Braxton,Corporate,United States,Akron,Ohio,44312,East,FUR-TA-10001539,Furniture,Tables,Chromcraft Rectangular Conference Tables,284.364,2,0.4,-75.8304
6286,CA-2016-125080,10/21/2016,10/26/2016,Standard Class,VW-21775,Victoria Wilson,Corporate,United States,Lakewood,Ohio,44107,East,FUR-TA-10003238,Furniture,Tables,"Chromcraft Bull-Nose Wood 48"" x 96"" Rectangular Conference Tables",661.176,2,0.4,-231.4116
3977,US-2016-116400,10/22/2016,10/24/2016,First Class,EB-13930,Eric Barreto,Consumer,United States,Richmond,Virginia,23223,South,FUR-FU-10003731,Furniture,Furnishings,"Eldon Expressions Wood and Plastic Desk Accessories, Oak",39.92,4,0.0,11.1776
884,CA-2016-165148,10/22/2016,10/24/2016,First Class,PM-19135,Peter McVee,Home Office,United States,Detroit,Michigan,48227,Central,FUR-FU-10000732,Furniture,Furnishings,Eldon 200 Class Desk Accessories,31.4,5,0.0,10.048
3869,CA-2015-132486,10/23/2015,10/27/2015,Second Class,JF-15355,Jay Fein,Consumer,United States,San Diego,California,92105,West,FUR-CH-10004495,Furniture,Chairs,"Global Leather and Oak Executive Chair, Black",240.784,1,0.2,27.0882
8448,CA-2017-125451,10/23/2017,10/24/2017,First Class,AH-10075,Adam Hart,Corporate,United States,Cranston,Rhode Island,2920,East,FUR-FU-10000277,Furniture,Furnishings,Deflect-o DuraMat Antistatic Studded Beveled Mat for Medium Pile Carpeting,210.68,2,0.0,50.5632
5374,CA-2015-118738,10/24/2015,10/30/2015,Standard Class,AG-10495,Andrew Gjertsen,Corporate,United States,Houston,Texas,77041,Central,FUR-TA-10002607,Furniture,Tables,KI Conference Tables,347.361,7,0.3,-69.4722
4305,CA-2014-162278,10/26/2014,10/30/2014,Second Class,AH-10585,Angele Hood,Consumer,United States,Seattle,Washington,98105,West,FUR-FU-10000448,Furniture,Furnishings,Tenex Chairmats For Use With Carpeted Floors,63.92,4,0.0,3.196
302,CA-2016-142545,10/28/2016,11/3/2016,Standard Class,JD-15895,Jonathan Doherty,Corporate,United States,Belleville,New Jersey,7109,East,FUR-FU-10001861,Furniture,Furnishings,"Floodlight Indoor Halogen Bulbs, 1 Bulb per Pack, 60 Watts",77.6,4,0.0,38.024
1235,CA-2016-144344,10/28/2016,10/28/2016,Same Day,PG-18820,Patrick Gardner,Consumer,United States,Boynton Beach,Florida,33437,South,FUR-FU-10000076,Furniture,Furnishings,24-Hour Round Wall Clock,47.952,3,0.2,13.7862
2280,CA-2017-142622,10/30/2017,11/2/2017,First Class,JK-15625,Jim Karlsson,Consumer,United States,Seattle,Washington,98115,West,FUR-CH-10003833,Furniture,Chairs,Novimex Fabric Task Chair,97.568,2,0.2,-6.098
2066,CA-2014-106439,10/31/2014,11/4/2014,Standard Class,GG-14650,Greg Guthrie,Corporate,United States,Los Angeles,California,90049,West,FUR-CH-10003833,Furniture,Chairs,Novimex Fabric Task Chair,146.352,3,0.2,-9.147
4206,CA-2014-145387,10/31/2014,11/2/2014,Second Class,AM-10705,Anne McFarland,Consumer,United States,Cranston,Rhode Island,2920,East,FUR-FU-10002364,Furniture,Furnishings,"Eldon Expressions Wood Desk Accessories, Oak",14.76,2,0.0,4.2804
2128,CA-2015-134859,10/4/2015,10/9/2015,Standard Class,JK-16120,Julie Kriz,Home Office,United States,Philadelphia,Pennsylvania,19134,East,FUR-FU-10003623,Furniture,Furnishings,"DataProducts Ampli Magnifier Task Lamp, Black,",64.944,3,0.2,6.4944
8923,CA-2016-145709,10/4/2016,10/8/2016,Standard Class,AH-10690,Anna Hberlin,Corporate,United States,Coral Gables,Florida,33134,South,FUR-FU-10002885,Furniture,Furnishings,Magna Visual Magnetic Picture Hangers,11.568,3,0.2,2.6028
8157,CA-2016-131296,10/4/2016,10/9/2016,Standard Class,MS-17830,Melanie Seite,Consumer,United States,Baltimore,Maryland,21215,East,FUR-TA-10002622,Furniture,Tables,"Bush Andora Conference Table, Maple/Graphite Gray Finish",239.372,2,0.3,-23.9372
6226,CA-2015-133445,10/5/2015,10/9/2015,Standard Class,JF-15490,Jeremy Farry,Consumer,United States,Portland,Oregon,97206,West,FUR-BO-10003660,Furniture,Bookcases,"Bush Cubix Collection Bookcases, Fully Assembled",66.294,1,0.7,-103.8606
3051,US-2017-148054,10/6/2017,10/11/2017,Standard Class,NZ-18565,Nick Zandusky,Home Office,United States,Meridian,Idaho,83642,West,FUR-FU-10003247,Furniture,Furnishings,36X48 HARDFLOOR CHAIRMAT,41.96,2,0.0,2.9372
2515,CA-2016-124506,11/11/2016,11/17/2016,Standard Class,BB-11545,Brenda Bowman,Corporate,United States,Chicago,Illinois,60623,Central,FUR-CH-10004540,Furniture,Chairs,Global Chrome Stack Chair,47.992,2,0.3,-2.0568
5113,CA-2015-153073,11/13/2015,11/13/2015,Same Day,HA-14905,Helen Abelman,Consumer,United States,Chicago,Illinois,60610,Central,FUR-FU-10001025,Furniture,Furnishings,"Eldon Imge Series Desk Accessories, Clear",17.496,9,0.6,-7.4358
7196,CA-2016-147683,11/13/2016,11/17/2016,Standard Class,PO-19180,Philisse Overcash,Home Office,United States,Seattle,Washington,98103,West,FUR-FU-10004848,Furniture,Furnishings,DAX Solid Wood Frames,19.54,2,0.0,7.2298
1802,CA-2016-149461,11/13/2016,11/19/2016,Standard Class,AS-10135,Adrian Shami,Home Office,United States,Auburn,Washington,98002,West,FUR-FU-10004270,Furniture,Furnishings,"Eldon Image Series Desk Accessories, Burgundy",4.18,1,0.0,1.5048
2813,CA-2015-135685,11/16/2015,11/18/2015,Second Class,MP-18175,Mike Pelletier,Home Office,United States,Milwaukee,Wisconsin,53209,Central,FUR-TA-10001520,Furniture,Tables,"Lesro Sheffield Collection Coffee Table, End Table, Center Table, Corner Table",214.11,3,0.0,36.3987
7589,CA-2017-122945,11/16/2017,11/22/2017,Standard Class,MB-18085,Mick Brown,Consumer,United States,Roseville,California,95661,West,FUR-FU-10001196,Furniture,Furnishings,DAX Cubicle Frames - 8x10,17.31,3,0.0,5.193
3072,CA-2014-119375,11/17/2014,11/22/2014,Standard Class,YC-21895,Yoseph Carroll,Corporate,United States,Newark,Delaware,19711,East,FUR-FU-10002379,Furniture,Furnishings,Eldon Econocleat Chair Mats for Low Pile Carpets,124.41,3,0.0,14.9292
5848,CA-2015-126725,11/17/2015,11/21/2015,Standard Class,BS-11665,Brian Stugart,Consumer,United States,San Diego,California,92105,West,FUR-FU-10001591,Furniture,Furnishings,Advantus Panel Wall Certificate Holder - 8.5x11,36.6,3,0.0,15.372
2438,CA-2014-164210,11/18/2014,11/20/2014,Second Class,PW-19240,Pierre Wener,Consumer,United States,Louisville,Colorado,80027,West,FUR-TA-10000849,Furniture,Tables,Bevis Rectangular Conference Tables,145.98,2,0.5,-99.2664
3303,US-2014-159926,11/18/2014,11/22/2014,Standard Class,CS-11950,Carlos Soltero,Consumer,United States,Philadelphia,Pennsylvania,19140,East,FUR-FU-10001473,Furniture,Furnishings,"Eldon Executive Woodline II Desk Accessories, Mahogany",60.312,3,0.2,5.2773
1107,US-2016-110156,11/19/2016,11/24/2016,Standard Class,EH-13945,Eric Hoffmann,Consumer,United States,Houston,Texas,77041,Central,FUR-FU-10000206,Furniture,Furnishings,"GE General Purpose, Extra Long Life, Showcase & Floodlight Incandescent Bulbs",2.328,2,0.6,-0.7566
2945,CA-2017-126242,11/19/2017,11/24/2017,Standard Class,MC-18100,Mick Crebagga,Consumer,United States,Los Angeles,California,90049,West,FUR-FU-10002685,Furniture,Furnishings,"Executive Impressions 13-1/2"" Indoor/Outdoor Wall Clock",18.7,1,0.0,7.106
4060,CA-2015-124058,11/20/2015,11/24/2015,Standard Class,LC-16885,Lena Creighton,Consumer,United States,Oakland,California,94601,West,FUR-CH-10000595,Furniture,Chairs,Safco Contoured Stacking Chairs,572.16,3,0.2,35.76
6492,CA-2016-113845,11/20/2016,11/25/2016,Standard Class,FA-14230,Frank Atkinson,Corporate,United States,Orlando,Florida,32839,South,FUR-BO-10004695,Furniture,Bookcases,O'Sullivan 2-Door Barrister Bookcase in Odessa Pine,289.568,2,0.2,10.8588
9286,CA-2015-102778,11/21/2015,11/24/2015,First Class,JH-15820,John Huston,Consumer,United States,Monroe,North Carolina,28110,South,FUR-FU-10000087,Furniture,Furnishings,"Executive Impressions 14"" Two-Color Numerals Wall Clock",18.176,1,0.2,4.7712
3369,CA-2015-115511,11/21/2015,11/25/2015,Standard Class,NW-18400,Natalie Webber,Consumer,United States,Las Vegas,Nevada,89115,West,FUR-BO-10002598,Furniture,Bookcases,"Hon Metal Bookcases, Putty",141.96,2,0.0,41.1684
8181,CA-2015-119879,11/21/2015,11/25/2015,Standard Class,SS-20410,Shahid Shariari,Consumer,United States,Philadelphia,Pennsylvania,19120,East,FUR-TA-10002958,Furniture,Tables,"Bevis Oval Conference Table, Walnut",1252.704,8,0.4,-480.2032
4825,CA-2016-140018,11/21/2016,11/26/2016,Standard Class,CK-12205,Chloris Kastensmidt,Consumer,United States,Columbus,Ohio,43229,East,FUR-CH-10003817,Furniture,Chairs,"Global Value Steno Chair, Gray",127.554,3,0.3,-9.111
2921,CA-2016-160129,11/23/2016,11/23/2016,Same Day,LS-17200,Luke Schmidt,Corporate,United States,Philadelphia,Pennsylvania,19140,East,FUR-FU-10003976,Furniture,Furnishings,"DAX Executive Solid Wood Document Frame, Desktop or Hang, Mahogany, 5 x 7",70.448,7,0.2,12.3284
7622,US-2014-144078,11/25/2014,11/29/2014,Standard Class,RB-19435,Richard Bierner,Consumer,United States,Los Angeles,California,90004,West,FUR-CH-10002335,Furniture,Chairs,Hon GuestStacker Chair,725.344,4,0.2,54.4008
7132,CA-2017-141439,11/26/2017,12/1/2017,Standard Class,TT-21460,Tonja Turnell,Home Office,United States,Richmond,Indiana,47374,Central,FUR-TA-10001039,Furniture,Tables,KI Adjustable-Height Table,257.94,3,0.0,67.0644
511,CA-2017-135307,11/26/2017,11/27/2017,First Class,LS-17245,Lynn Smith,Consumer,United States,Gladstone,Missouri,64118,Central,FUR-FU-10001290,Furniture,Furnishings,Executive Impressions Supervisor Wall Clock,126.3,3,0.0,40.416
914,CA-2017-102519,11/27/2017,11/29/2017,First Class,BM-11650,Brian Moss,Corporate,United States,Milwaukee,Wisconsin,53209,Central,FUR-FU-10004091,Furniture,Furnishings,"Howard Miller 13"" Diameter Goldtone Round Wall Clock",46.94,1,0.0,19.2454
5495,CA-2014-105249,11/28/2014,11/28/2014,Same Day,DH-13675,Duane Huffman,Home Office,United States,San Francisco,California,94122,West,FUR-BO-10000330,Furniture,Bookcases,"Sauder Camden County Barrister Bookcase, Planked Cherry Finish",411.332,4,0.15,-4.8392
5067,CA-2017-142090,11/30/2017,12/7/2017,Standard Class,SC-20380,Shahid Collister,Consumer,United States,Burlington,North Carolina,27217,South,FUR-TA-10001889,Furniture,Tables,Bush Advantage Collection Racetrack Conference Table,1781.682,7,0.4,-653.2834
2743,CA-2014-149244,11/4/2014,11/8/2014,Standard Class,MS-17530,MaryBeth Skach,Consumer,United States,San Diego,California,92037,West,FUR-FU-10004671,Furniture,Furnishings,"Executive Impressions 12"" Wall Clock",35.34,2,0.0,13.4292
9322,US-2016-111563,11/4/2016,11/8/2016,Standard Class,SM-20005,Sally Matthias,Consumer,United States,Houston,Texas,77041,Central,FUR-FU-10002445,Furniture,Furnishings,"DAX Two-Tone Rosewood/Black Document Frame, Desktop, 5 x 7",11.376,3,0.6,-5.688
4781,CA-2014-159310,11/7/2014,11/12/2014,Standard Class,SC-20725,Steven Cartwright,Consumer,United States,Houston,Texas,77070,Central,FUR-CH-10002758,Furniture,Chairs,"Hon Deluxe Fabric Upholstered Stacking Chairs, Squared Back",683.144,4,0.3,0.0
532,CA-2015-102848,11/7/2015,11/9/2015,Second Class,KB-16240,Karen Bern,Corporate,United States,Los Angeles,California,90036,West,FUR-CH-10000595,Furniture,Chairs,Safco Contoured Stacking Chairs,190.72,1,0.2,11.92
9370,CA-2017-113460,11/7/2017,11/9/2017,Second Class,KN-16390,Katherine Nockton,Corporate,United States,Clinton,Maryland,20735,East,FUR-CH-10000422,Furniture,Chairs,Global Highback Leather Tilter in Burgundy,272.97,3,0.0,43.6752
6993,CA-2015-109386,11/8/2015,11/13/2015,Second Class,RH-19600,Rob Haberlin,Consumer,United States,Hampton,Virginia,23666,South,FUR-FU-10000308,Furniture,Furnishings,Deflect-o Glass Clear Studded Chair Mats,186.54,3,0.0,41.0388
4611,US-2017-141852,11/9/2017,11/14/2017,Standard Class,JE-15745,Joel Eaton,Consumer,United States,Oceanside,California,92054,West,FUR-FU-10000023,Furniture,Furnishings,Eldon Wave Desk Accessories,47.12,8,0.0,20.7328
8871,CA-2017-101805,12/1/2017,12/6/2017,Standard Class,SH-19975,Sally Hughsby,Corporate,United States,Seattle,Washington,98105,West,FUR-FU-10000023,Furniture,Furnishings,Eldon Wave Desk Accessories,70.68,12,0.0,31.0992
5695,US-2015-138093,12/10/2015,12/16/2015,Standard Class,KM-16225,Kalyca Meade,Corporate,United States,Baltimore,Maryland,21215,East,FUR-CH-10000785,Furniture,Chairs,Global Ergonomic Managers Chair,542.94,3,0.0,141.1644
6909,US-2017-135503,12/10/2017,12/15/2017,Standard Class,JE-16165,Justin Ellison,Corporate,United States,North Charleston,South Carolina,29406,South,FUR-FU-10002364,Furniture,Furnishings,"Eldon Expressions Wood Desk Accessories, Oak",14.76,2,0.0,4.2804
7055,CA-2016-165330,12/11/2016,12/11/2016,Same Day,WB-21850,William Brown,Consumer,United States,Anaheim,California,92804,West,FUR-CH-10003774,Furniture,Chairs,"Global Wood Trimmed Manager's Task Chair, Khaki",363.92,5,0.2,-31.843
4360,CA-2017-162565,12/11/2017,12/11/2017,Same Day,RR-19315,Ralph Ritter,Consumer,United States,Aurora,Illinois,60505,Central,FUR-CH-10003973,Furniture,Chairs,GuestStacker Chair with Chrome Finish Legs,520.464,2,0.3,-14.8704
2149,CA-2014-141607,12/12/2014,12/17/2014,Standard Class,WB-21850,William Brown,Consumer,United States,Concord,California,94521,West,FUR-FU-10003975,Furniture,Furnishings,Eldon Advantage Chair Mats for Low to Medium Pile Carpets,43.31,1,0.0,4.331
1247,CA-2014-168494,12/12/2014,12/14/2014,Second Class,NP-18700,Nora Preis,Consumer,United States,Fresno,California,93727,West,FUR-TA-10003473,Furniture,Tables,Bretford Rectangular Conference Table Tops,3610.848,12,0.2,135.4068
9939,CA-2016-169824,12/12/2016,12/17/2016,Standard Class,NS-18640,Noel Staavos,Corporate,United States,New York City,New York,10009,East,FUR-FU-10004864,Furniture,Furnishings,Eldon 500 Class Desk Accessories,60.35,5,0.0,19.9155
5577,CA-2016-136686,12/12/2016,12/16/2016,Standard Class,RF-19840,Roy Franzsisch,Consumer,United States,Pasadena,California,91104,West,FUR-FU-10004864,Furniture,Furnishings,"Howard Miller 14-1/2"" Diameter Chrome Round Wall Clock",383.64,6,0.0,122.7648
4226,US-2014-102631,12/13/2014,12/17/2014,Standard Class,EB-13840,Ellis Ballard,Corporate,United States,Chicago,Illinois,60623,Central,FUR-FU-10003930,Furniture,Furnishings,Howard Miller 12-3/4 Diameter Accuwave DS  Wall Clock,94.428,3,0.6,-42.4926
5106,CA-2014-116568,12/14/2014,12/20/2014,Standard Class,BM-11785,Bryan Mills,Consumer,United States,Deltona,Florida,32725,South,FUR-CH-10002439,Furniture,Chairs,"Iceberg Nesting Folding Chair, 19w x 6d x 43h",186.304,4,0.2,13.9728
2947,CA-2017-169859,12/14/2017,12/18/2017,Standard Class,MP-18175,Mike Pelletier,Home Office,United States,San Diego,California,92024,West,FUR-FU-10004963,Furniture,Furnishings,"Eldon 400 Class Desk Accessories, Black Carbon",26.25,3,0.0,11.025
1316,CA-2016-145919,12/18/2016,12/23/2016,Standard Class,HG-14965,Henry Goldwyn,Corporate,United States,Los Angeles,California,90032,West,FUR-FU-10004960,Furniture,Furnishings,"Seth Thomas 12"" Clock w/ Goldtone Case",183.84,8,0.0,62.5056
6600,CA-2014-154095,12/2/2014,12/7/2014,Standard Class,ON-18715,Odella Nelson,Corporate,United States,Clinton,Maryland,20735,East,FUR-FU-10003849,Furniture,Furnishings,"DAX Metal Frame, Desktop, Stepped-Edge",60.72,3,0.0,23.6808
6602,CA-2014-154095,12/2/2014,12/7/2014,Standard Class,ON-18715,Odella Nelson,Corporate,United States,Clinton,Maryland,20735,East,FUR-CH-10004754,Furniture,Chairs,"Global Stack Chair with Arms, Black",239.84,8,0.0,64.7568
7541,US-2017-112347,12/2/2017,12/6/2017,Standard Class,BS-11380,Bill Stewart,Corporate,United States,Denver,Colorado,80219,West,FUR-BO-10003546,Furniture,Bookcases,Hon 4-Shelf Metal Bookcases,242.352,8,0.7,-363.528
1158,CA-2014-136567,12/20/2014,12/21/2014,First Class,PS-19045,Penelope Sewall,Home Office,United States,Harrisonburg,Virginia,22801,South,FUR-TA-10000617,Furniture,Tables,"Hon Practical Foundations 30 x 60 Training Table, Light Gray/Charcoal",455.1,2,0.0,100.122
4692,CA-2014-138681,12/20/2014,12/22/2014,First Class,CT-11995,Carol Triggs,Consumer,United States,Tucson,Arizona,85705,West,FUR-CH-10004860,Furniture,Chairs,Global Low Back Tilter Chair,242.352,3,0.2,-42.4116
8286,CA-2015-154284,12/21/2015,12/26/2015,Second Class,SZ-20035,Sam Zeldin,Home Office,United States,Saint Charles,Illinois,60174,Central,FUR-FU-10003039,Furniture,Furnishings,"Howard Miller 11-1/2"" Diameter Grantwood Wall Clock",51.756,3,0.6,-33.6414
1014,US-2015-126214,12/21/2015,12/24/2015,Second Class,JS-15880,John Stevenson,Consumer,United States,Seattle,Washington,98103,West,FUR-TA-10003748,Furniture,Tables,Bevis 36 x 72 Conference Tables,1618.37,13,0.0,356.0414
8578,CA-2017-146164,12/22/2017,12/26/2017,Standard Class,CM-12190,Charlotte Melton,Consumer,United States,Rochester,Minnesota,55901,Central,FUR-TA-10004915,Furniture,Tables,"Office Impressions End Table, 20-1/2""H x 24""W x 20""D",607.52,2,0.0,97.2032
2059,CA-2017-120376,12/22/2017,12/25/2017,First Class,TP-21130,Theone Pippenger,Consumer,United States,Detroit,Michigan,48227,Central,FUR-TA-10004534,Furniture,Tables,Bevis 44 x 96 Conference Tables,411.8,2,0.0,70.006
8392,CA-2017-110625,12/23/2017,12/30/2017,Standard Class,JB-16045,Julia Barnett,Home Office,United States,Danbury,Connecticut,6810,East,FUR-FU-10001473,Furniture,Furnishings,DAX Wood Document Frame,27.46,2,0.0,9.8856
6223,CA-2017-140627,12/23/2017,12/27/2017,Standard Class,DK-12985,Darren Koutras,Consumer,United States,Hendersonville,Tennessee,37075,South,FUR-FU-10000087,Furniture,Furnishings,"Executive Impressions 14"" Two-Color Numerals Wall Clock",72.704,4,0.2,19.0848
8990,US-2015-128587,12/24/2015,12/30/2015,Standard Class,HM-14860,Harry Marie,Corporate,United States,Springfield,Missouri,65807,Central,FUR-FU-10003026,Furniture,Furnishings,"Eldon Regeneration Recycled Desk Accessories, Black",9.68,2,0.0,3.7752
5148,CA-2017-128734,12/24/2017,12/31/2017,Standard Class,JL-15175,James Lanier,Home Office,United States,Chandler,Arizona,85224,West,FUR-FU-10001731,Furniture,Furnishings,Acrylic Self-Standing Desk Frames,8.544,4,0.2,1.9224
6632,CA-2016-105081,12/25/2016,12/30/2016,Standard Class,JE-15715,Joe Elijah,Consumer,United States,Seattle,Washington,98115,West,FUR-TA-10001307,Furniture,Tables,"SAFCO PlanMaster Heigh-Adjustable Drafting Table Base, 43w x 30d x 30-37h, Black",1747.25,5,0.0,629.01
8957,CA-2017-105620,12/25/2017,12/28/2017,First Class,JH-15430,Jennifer Halladay,Consumer,United States,Hialeah,Florida,33012,South,FUR-FU-10004963,Furniture,Furnishings,"Eldon 400 Class Desk Accessories, Black Carbon",21.0,3,0.2,5.775
5690,CA-2015-119550,12/26/2015,12/31/2015,Standard Class,RB-19705,Roger Barcio,Home Office,United States,Houston,Texas,77070,Central,FUR-CH-10002044,Furniture,Chairs,"Office Star - Contemporary Task Swivel chair with 2-way adjustable arms, Plum",275.058,3,0.3,-90.3762
8728,CA-2015-103870,12/27/2015,12/31/2015,Standard Class,SP-20860,Sung Pak,Corporate,United States,Murfreesboro,Tennessee,37130,South,FUR-FU-10002030,Furniture,Furnishings,"Executive Impressions 14"" Contract Wall Clock with Quartz Movement",53.352,3,0.2,16.0056
7636,US-2017-158526,12/29/2017,1/1/2018,Second Class,KH-16360,Katherine Hughes,Consumer,United States,Louisville,Kentucky,40214,South,FUR-CH-10004495,Furniture,Chairs,"Global Leather and Oak Executive Chair, Black",300.98,1,0.0,87.2842
7909,CA-2016-149762,12/3/2016,12/7/2016,Standard Class,RD-19720,Roger Demir,Consumer,United States,Morgan Hill,California,95037,West,FUR-TA-10004147,Furniture,Tables,Hon 4060 Series Tables,268.704,3,0.2,6.7176
1546,CA-2014-150245,12/31/2014,1/4/2015,Second Class,PC-18745,Pamela Coakley,Corporate,United States,Watertown,New York,13601,East,FUR-BO-10002613,Furniture,Bookcases,"Atlantic Metals Mobile 4-Shelf Bookcases, Custom Colors",1573.488,7,0.2,196.686
8521,CA-2017-118003,12/4/2017,12/10/2017,Standard Class,DO-13645,Doug O'Connell,Consumer,United States,Paterson,New Jersey,7501,East,FUR-CH-10004860,Furniture,Chairs,Global Low Back Tilter Chair,302.94,3,0.0,18.1764
3009,CA-2016-124772,12/5/2016,12/6/2016,First Class,JG-15160,James Galang,Consumer,United States,Murray,Kentucky,42071,South,FUR-FU-10004748,Furniture,Furnishings,"Howard Miller 16"" Diameter Gallery Wall Clock",191.82,3,0.0,74.8098
3180,CA-2017-105235,12/5/2017,12/11/2017,Standard Class,SM-20950,Suzanne McNair,Corporate,United States,New York City,New York,10011,East,FUR-FU-10000521,Furniture,Furnishings,"Seth Thomas 14"" Putty-Colored Wall Clock",58.68,2,0.0,18.1908
5097,US-2014-140452,12/6/2014,12/10/2014,Standard Class,BK-11260,Berenike Kampe,Consumer,United States,Chicago,Illinois,60610,Central,FUR-FU-10002088,Furniture,Furnishings,Nu-Dell Float Frame 11 x 14 1/2,10.776,3,0.6,-4.8492
1535,CA-2017-124086,2/10/2017,2/14/2017,Standard Class,MP-18175,Mike Pelletier,Home Office,United States,Laguna Niguel,California,92677,West,FUR-BO-10004015,Furniture,Bookcases,"Bush Andora Bookcase, Maple/Graphite Gray Finish",203.983,2,0.15,16.7986
7813,CA-2016-134334,2/14/2016,2/15/2016,First Class,DK-13090,Dave Kipp,Consumer,United States,Clinton,Maryland,20735,East,FUR-TA-10002356,Furniture,Tables,Bevis Boat-Shaped Conference Table,550.431,3,0.3,-47.1798
8677,CA-2017-163265,2/16/2017,2/21/2017,Standard Class,JS-16030,Joy Smith,Consumer,United States,Decatur,Illinois,62521,Central,FUR-FU-10004270,Furniture,Furnishings,"Executive Impressions 13"" Clairmont Wall Clock",7.692,1,0.6,-3.6537
9348,CA-2017-109085,2/17/2017,2/20/2017,First Class,CK-12325,Christine Kargatis,Home Office,United States,Troy,Ohio,45373,East,FUR-CH-10003981,Furniture,Chairs,Global Commerce Series Low-Back Swivel/Tilt Chairs,899.43,5,0.3,-12.849
6082,US-2014-165589,2/18/2014,2/18/2014,Same Day,TB-21595,Troy Blackwell,Consumer,United States,Lubbock,Texas,79424,Central,FUR-FU-10002396,Furniture,Furnishings,"DAX Copper Panel Document Frame, 5 x 7 Size",25.16,5,0.6,-11.322
3964,CA-2017-134838,2/19/2017,2/20/2017,First Class,ED-13885,Emily Ducich,Home Office,United States,Los Angeles,California,90045,West,FUR-FU-10004018,Furniture,Furnishings,Tensor Computer Mounted Lamp,44.67,3,0.0,12.0609
5306,US-2016-168410,2/21/2016,2/26/2016,Standard Class,BV-11245,Benjamin Venier,Corporate,United States,Oceanside,New York,11572,East,FUR-FU-10000629,Furniture,Furnishings,9-3/4 Diameter Round Wall Clock,68.95,5,0.0,28.959
8144,CA-2016-100993,2/5/2016,2/10/2016,Standard Class,AZ-10750,Annie Zypern,Consumer,United States,San Diego,California,92037,West,FUR-TA-10001095,Furniture,Tables,Chromcraft Round Conference Tables,557.728,4,0.2,6.9716
1386,US-2016-108504,2/5/2016,2/5/2016,Same Day,PP-18955,Paul Prost,Home Office,United States,Smyrna,Georgia,30080,South,FUR-FU-10004091,Furniture,Furnishings,"Eldon 200 Class Desk Accessories, Black",18.84,3,0.0,7.1592
1387,US-2016-108504,2/5/2016,2/5/2016,Same Day,PP-18955,Paul Prost,Home Office,United States,Smyrna,Georgia,30080,South,FUR-BO-10004015,Furniture,Bookcases,"Bush Andora Bookcase, Maple/Graphite Gray Finish",239.98,2,0.0,52.7956
1844,CA-2015-135391,2/9/2015,2/11/2015,Second Class,FA-14230,Frank Atkinson,Corporate,United States,San Antonio,Texas,78207,Central,FUR-FU-10001986,Furniture,Furnishings,"Dana Fluorescent Magnifying Lamp, White, 36""",40.784,2,0.6,-30.588
7950,CA-2014-131009,3/1/2014,3/5/2014,Standard Class,SC-20380,Shahid Collister,Consumer,United States,El Paso,Texas,79907,Central,FUR-FU-10001095,Furniture,Furnishings,DAX Black Cherry Wood-Tone Poster Frame,63.552,6,0.6,-34.9536
1462,US-2016-128902,3/11/2016,3/15/2016,Standard Class,MB-18085,Mick Brown,Consumer,United States,Vineland,New Jersey,8360,East,FUR-TA-10001095,Furniture,Tables,Chromcraft Round Conference Tables,244.006,2,0.3,-31.3722
2759,CA-2016-146171,3/11/2016,3/15/2016,Standard Class,JP-16135,Julie Prescott,Home Office,United States,Columbus,Georgia,31907,South,FUR-FU-10004270,Furniture,Furnishings,"Executive Impressions 13"" Clairmont Wall Clock",76.92,4,0.0,31.5372
9698,CA-2016-122511,3/11/2016,3/11/2016,Same Day,BT-11485,Brad Thomas,Home Office,United States,Philadelphia,Pennsylvania,19140,East,FUR-FU-10001037,Furniture,Furnishings,"DAX Charcoal/Nickel-Tone Document Frame, 5 x 7",30.336,4,0.2,9.48
8044,US-2017-133081,3/11/2017,3/15/2017,Standard Class,PV-18985,Paul Van Hugh,Home Office,United States,Cambridge,Massachusetts,2138,East,FUR-FU-10001379,Furniture,Furnishings,"Executive Impressions 16-1/2"" Circular Wall Clock",26.72,1,0.0,11.7568
6291,US-2015-139675,3/13/2015,3/18/2015,Second Class,NF-18595,Nicole Fjeld,Home Office,United States,Chico,California,95928,West,FUR-FU-10001979,Furniture,Furnishings,Dana Halogen Swing-Arm Architect Lamp,327.76,8,0.0,91.7728
604,CA-2014-149958,3/15/2014,3/19/2014,Standard Class,AS-10240,Alan Shonely,Consumer,United States,Tampa,Florida,33614,South,FUR-FU-10001756,Furniture,Furnishings,"Eldon Expressions Desk Accessory, Wood Photo Frame, Mahogany",45.696,3,0.2,5.1408
6165,CA-2014-103989,3/19/2014,3/21/2014,First Class,MC-17605,Matt Connell,Corporate,United States,Lakeland,Florida,33801,South,FUR-FU-10003981,Furniture,Furnishings,Eldon Wave Desk Accessories,4.992,3,0.2,1.3728
5232,CA-2017-124436,3/19/2017,3/22/2017,Second Class,SA-20830,Sue Ann Reed,Consumer,United States,Fresno,California,93727,West,FUR-FU-10001185,Furniture,Furnishings,"Advantus Employee of the Month Certificate Frame, 11 x 13-1/2",30.93,1,0.0,12.6813
3312,CA-2016-162747,3/20/2016,3/25/2016,Second Class,AH-10030,Aaron Hawkins,Corporate,United States,Gulfport,Mississippi,39503,South,FUR-FU-10003691,Furniture,Furnishings,"Eldon Image Series Desk Accessories, Ebony",86.45,7,0.0,38.038
7439,CA-2015-145457,3/24/2015,3/27/2015,Second Class,CP-12085,Cathy Prescott,Corporate,United States,Covington,Washington,98042,West,FUR-FU-10003832,Furniture,Furnishings,"Eldon Expressions Punched Metal & Wood Desk Accessories, Black & Cherry",46.9,5,0.0,13.132
7800,CA-2017-166184,3/24/2017,3/27/2017,First Class,HR-14830,Harold Ryan,Corporate,United States,New York City,New York,10035,East,FUR-CH-10003396,Furniture,Chairs,Global Deluxe Steno Chair,207.846,3,0.1,2.3094
8546,CA-2016-119074,3/27/2016,3/31/2016,Standard Class,DS-13180,David Smith,Corporate,United States,Columbus,Georgia,31907,South,FUR-FU-10003731,Furniture,Furnishings,"Eldon Expressions Wood and Plastic Desk Accessories, Oak",39.92,4,0.0,11.1776
9788,CA-2017-144491,3/27/2017,4/1/2017,Standard Class,CJ-12010,Caroline Jumper,Consumer,United States,Houston,Texas,77070,Central,FUR-BO-10001811,Furniture,Bookcases,"Atlantic Metals Mobile 5-Shelf Bookcases, Custom Colors",1023.332,5,0.32,-30.098
7841,US-2014-137869,3/28/2014,4/2/2014,Standard Class,CV-12295,Christina VanderZanden,Consumer,United States,Des Moines,Iowa,50315,Central,FUR-TA-10003954,Furniture,Tables,Hon 94000 Series Round Tables,1184.72,4,0.0,106.6248
5746,US-2017-147886,3/28/2017,3/31/2017,First Class,DH-13075,Dave Hallsten,Corporate,United States,Fairfield,California,94533,West,FUR-FU-10003829,Furniture,Furnishings,Stackable Trays,21.56,7,0.0,6.8992
6577,CA-2017-123085,3/3/2017,3/8/2017,Standard Class,EJ-13720,Ed Jacobs,Consumer,United States,Los Angeles,California,90008,West,FUR-CH-10003968,Furniture,Chairs,Novimex Turbo Task Chair,170.352,3,0.2,-17.0352
6139,CA-2014-131247,3/30/2014,4/4/2014,Standard Class,GA-14725,Guy Armstrong,Consumer,United States,San Francisco,California,94110,West,FUR-BO-10001337,Furniture,Bookcases,O'Sullivan Living Dimensions 2-Shelf Bookcases,205.666,2,0.15,-12.098
7002,CA-2015-104871,3/30/2015,4/3/2015,Standard Class,DR-12940,Daniel Raglin,Home Office,United States,Normal,Illinois,61761,Central,FUR-CH-10003298,Furniture,Chairs,"Office Star - Contemporary Task Swivel chair with Loop Arms, Charcoal",366.744,4,0.3,-110.0232
8665,CA-2017-126634,3/30/2017,4/1/2017,Second Class,AB-10165,Alan Barnes,Consumer,United States,Lakewood,California,90712,West,FUR-FU-10004973,Furniture,Furnishings,Flat Face Poster Frame,94.2,5,0.0,39.564
9566,CA-2014-130428,3/31/2014,3/31/2014,Same Day,TG-21640,Trudy Glocke,Consumer,United States,Tampa,Florida,33614,South,FUR-CH-10002965,Furniture,Chairs,"Global Leather Highback Executive Chair with Pneumatic Height Adjustment, Black",1125.488,7,0.2,98.4802
8251,CA-2015-140221,3/5/2015,3/9/2015,Second Class,MS-17365,Maribeth Schnelling,Consumer,United States,Chicago,Illinois,60653,Central,FUR-FU-10000023,Furniture,Furnishings,Eldon Wave Desk Accessories,4.712,2,0.6,-1.8848
8984,CA-2016-110898,3/6/2016,3/12/2016,Standard Class,LC-16870,Lena Cacioppo,Consumer,United States,Chicago,Illinois,60623,Central,FUR-FU-10003773,Furniture,Furnishings,Eldon Cleatmat Plus Chair Mats for High Pile Carpets,159.04,5,0.6,-194.824
8985,CA-2016-110898,3/6/2016,3/12/2016,Standard Class,LC-16870,Lena Cacioppo,Consumer,United States,Chicago,Illinois,60623,Central,FUR-TA-10000849,Furniture,Tables,Bevis Rectangular Conference Tables,145.98,2,0.5,-99.2664
9643,CA-2014-104563,3/7/2014,3/12/2014,Standard Class,CM-12715,Craig Molinari,Corporate,United States,Seattle,Washington,98103,West,FUR-CH-10002780,Furniture,Chairs,Office Star - Task Chair with Contemporary Loop Arms,436.704,6,0.2,21.8352
1048,CA-2016-169103,3/8/2016,3/13/2016,Standard Class,ZC-21910,Zuschuss Carroll,Consumer,United States,Miami,Florida,33142,South,FUR-FU-10004006,Furniture,Furnishings,"Deflect-o DuraMat Lighweight, Studded, Beveled Mat for Low Pile Carpeting",102.36,3,0.2,-3.8385
8930,US-2015-168704,4/13/2015,4/17/2015,Standard Class,FP-14320,Frank Preis,Consumer,United States,Huntsville,Texas,77340,Central,FUR-TA-10002530,Furniture,Tables,"Iceberg OfficeWorks 42"" Round Tables",211.372,2,0.3,-45.294
1980,CA-2016-112669,4/14/2016,4/14/2016,Same Day,KT-16465,Kean Takahito,Consumer,United States,Glendale,Arizona,85301,West,FUR-CH-10004086,Furniture,Chairs,Hon 4070 Series Pagoda Armless Upholstered Stacking Chairs,933.536,4,0.2,105.0228
4279,US-2016-107440,4/16/2016,4/20/2016,Standard Class,BS-11365,Bill Shonely,Corporate,United States,Lakewood,New Jersey,8701,East,FUR-FU-10000550,Furniture,Furnishings,Stacking Trays by OIC,9.96,2,0.0,3.2868
53,CA-2015-115742,4/18/2015,4/22/2015,Standard Class,DP-13000,Darren Powers,Consumer,United States,New Albany,Indiana,47150,Central,FUR-CH-10003061,Furniture,Chairs,"Global Leather Task Chair, Black",89.99,1,0.0,17.0981
8453,CA-2016-125087,4/18/2016,4/23/2016,Standard Class,TH-21115,Thea Hudgings,Corporate,United States,Houston,Texas,77070,Central,FUR-CH-10002880,Furniture,Chairs,"Global High-Back Leather Tilter, Burgundy",344.372,4,0.3,-93.4724
3049,CA-2017-121419,4/2/2017,4/4/2017,First Class,TC-21475,Tony Chapman,Home Office,United States,Columbus,Georgia,31907,South,FUR-TA-10004534,Furniture,Tables,Bevis 44 x 96 Conference Tables,411.8,2,0.0,70.006
6766,CA-2017-100615,4/20/2017,4/24/2017,Standard Class,SJ-20215,Sarah Jordon,Consumer,United States,Chicago,Illinois,60653,Central,FUR-CH-10002602,Furniture,Chairs,DMI Arturo Collection Mission-style Design Wood Chair,317.058,3,0.3,-18.1176
463,CA-2016-109869,4/22/2016,4/29/2016,Standard Class,TN-21040,Tanja Norvell,Home Office,United States,Phoenix,Arizona,85023,West,FUR-FU-10000023,Furniture,Furnishings,Eldon Wave Desk Accessories,23.56,5,0.2,7.068
464,CA-2016-109869,4/22/2016,4/29/2016,Standard Class,TN-21040,Tanja Norvell,Home Office,United States,Phoenix,Arizona,85023,West,FUR-TA-10001889,Furniture,Tables,Bush Advantage Collection Racetrack Conference Table,1272.63,6,0.5,-814.4832
4378,CA-2014-166954,4/25/2014,4/30/2014,Standard Class,BT-11305,Beth Thompson,Home Office,United States,San Gabriel,California,91776,West,FUR-CH-10003973,Furniture,Chairs,GuestStacker Chair with Chrome Finish Legs,1487.04,5,0.2,148.704
2899,US-2015-114839,4/26/2015,4/30/2015,Standard Class,PW-19240,Pierre Wener,Consumer,United States,Houston,Texas,77036,Central,FUR-CH-10004086,Furniture,Chairs,Hon 4070 Series Pagoda Armless Upholstered Stacking Chairs,408.422,2,0.3,-5.8346
8638,CA-2017-151281,4/27/2017,5/2/2017,Standard Class,HM-14980,Henry MacAllister,Consumer,United States,Seattle,Washington,98105,West,FUR-FU-10000397,Furniture,Furnishings,Luxo Economy Swing Arm Lamp,139.58,7,0.0,39.0824
2891,CA-2014-142727,4/29/2014,5/1/2014,Second Class,HG-14845,Harry Greene,Consumer,United States,Lake Charles,Louisiana,70601,South,FUR-CH-10002304,Furniture,Chairs,"Global Stack Chair without Arms, Black",51.96,2,0.0,12.99
953,CA-2017-131156,4/3/2017,4/7/2017,Standard Class,KH-16360,Katherine Hughes,Consumer,United States,Philadelphia,Pennsylvania,19143,East,FUR-FU-10001940,Furniture,Furnishings,Staple-based wall hangings,25.472,4,0.2,7.6416
8348,US-2015-115238,4/30/2015,5/4/2015,Standard Class,JW-15220,Jane Waco,Corporate,United States,Lawrence,Massachusetts,1841,East,FUR-FU-10002445,Furniture,Furnishings,"DAX Two-Tone Rosewood/Black Document Frame, Desktop, 5 x 7",9.48,1,0.0,3.792
235,US-2017-100930,4/7/2017,4/12/2017,Standard Class,CS-12400,Christopher Schild,Home Office,United States,Tampa,Florida,33614,South,FUR-FU-10004017,Furniture,Furnishings,"Tenex Contemporary Contur Chairmats for Low and Medium Pile Carpet, Computer, 39"" x 49""",258.072,3,0.2,0.0
3992,CA-2015-161998,5/1/2015,5/5/2015,Standard Class,DB-13120,David Bremer,Corporate,United States,Tampa,Florida,33614,South,FUR-FU-10001095,Furniture,Furnishings,DAX Black Cherry Wood-Tone Poster Frame,63.552,3,0.2,14.2992
2665,CA-2016-164784,5/1/2016,5/4/2016,First Class,HF-14995,Herbert Flentye,Consumer,United States,Memphis,Tennessee,38109,South,FUR-TA-10004534,Furniture,Tables,Bevis 44 x 96 Conference Tables,370.62,3,0.4,-142.071
8236,CA-2017-102204,5/1/2017,5/6/2017,Standard Class,CJ-12010,Caroline Jumper,Consumer,United States,Jacksonville,Florida,32216,South,FUR-TA-10001889,Furniture,Tables,Bush Advantage Collection Racetrack Conference Table,933.262,4,0.45,-458.1468
8237,CA-2017-102204,5/1/2017,5/6/2017,Standard Class,CJ-12010,Caroline Jumper,Consumer,United States,Jacksonville,Florida,32216,South,FUR-CH-10002024,Furniture,Chairs,HON 5400 Series Task Chairs for Big and Tall,2803.92,5,0.2,0.0
5355,CA-2014-113768,5/13/2014,5/19/2014,Standard Class,AH-10030,Aaron Hawkins,Corporate,United States,Los Angeles,California,90004,West,FUR-CH-10002439,Furniture,Chairs,"Iceberg Nesting Folding Chair, 19w x 6d x 43h",279.456,6,0.2,20.9592
7404,CA-2015-100146,5/14/2015,5/19/2015,Standard Class,CB-12535,Claudia Bergmann,Corporate,United States,Camarillo,California,93010,West,FUR-BO-10004015,Furniture,Bookcases,"Bush Andora Bookcase, Maple/Graphite Gray Finish",509.9575,5,0.15,41.9965
6463,US-2017-133361,5/14/2017,5/17/2017,First Class,AJ-10780,Anthony Jacobs,Corporate,United States,Baltimore,Maryland,21215,East,FUR-CH-10003298,Furniture,Chairs,"Office Star - Contemporary Task Swivel chair with Loop Arms, Charcoal",261.96,2,0.0,23.5764
2632,US-2017-110604,5/15/2017,5/20/2017,Standard Class,JF-15295,Jason Fortune-,Consumer,United States,Seattle,Washington,98103,West,FUR-FU-10000076,Furniture,Furnishings,24-Hour Round Wall Clock,39.96,2,0.0,17.1828
9610,CA-2016-130638,5/16/2016,5/19/2016,Second Class,SC-20095,Sanjit Chand,Consumer,United States,Los Angeles,California,90045,West,FUR-FU-10002116,Furniture,Furnishings,"Tenex Carpeted, Granite-Look or Clear Contemporary Contour Shape Chair Mats",282.84,4,0.0,19.7988
5316,CA-2016-154060,5/2/2016,5/8/2016,Standard Class,DL-12865,Dan Lawera,Consumer,United States,Greensboro,North Carolina,27405,South,FUR-CH-10002304,Furniture,Chairs,"Global Stack Chair without Arms, Black",187.056,9,0.2,11.691
639,CA-2016-115917,5/20/2016,5/25/2016,Standard Class,RB-19465,Rick Bensley,Home Office,United States,Vallejo,California,94591,West,FUR-FU-10000576,Furniture,Furnishings,Luxo Professional Fluorescent Magnifier Lamp with Clamp-Mount Base,1049.2,5,0.0,272.792
6069,CA-2017-166695,5/20/2017,5/24/2017,Standard Class,CC-12430,Chuck Clark,Home Office,United States,Lakewood,California,90712,West,FUR-FU-10002191,Furniture,Furnishings,G.E. Halogen Desk Lamp Bulbs,6.98,1,0.0,3.3504
6899,US-2015-165512,5/24/2015,5/26/2015,Second Class,VS-21820,Vivek Sundaresam,Consumer,United States,Naperville,Illinois,60540,Central,FUR-CH-10002880,Furniture,Chairs,"Global High-Back Leather Tilter, Burgundy",602.651,7,0.3,-163.5767
2752,CA-2014-158029,5/26/2014,5/30/2014,Standard Class,HF-14995,Herbert Flentye,Consumer,United States,Los Angeles,California,90008,West,FUR-CH-10000988,Furniture,Chairs,Hon Olson Stacker Stools,225.296,2,0.2,22.5296
1642,CA-2016-157266,5/26/2016,6/1/2016,Standard Class,TB-21280,Toby Braunhardt,Consumer,United States,Washington,District of Columbia,20016,East,FUR-FU-10000629,Furniture,Furnishings,9-3/4 Diameter Round Wall Clock,41.37,3,0.0,17.3754
7605,CA-2016-101791,5/27/2016,5/31/2016,Standard Class,BS-11665,Brian Stugart,Consumer,United States,Chicago,Illinois,60623,Central,FUR-FU-10003247,Furniture,Furnishings,36X48 HARDFLOOR CHAIRMAT,25.176,3,0.6,-33.3582
9448,CA-2017-136882,5/27/2017,6/3/2017,Standard Class,DN-13690,Duane Noonan,Consumer,United States,Tulsa,Oklahoma,74133,Central,FUR-FU-10003664,Furniture,Furnishings,"Electrix Architect's Clamp-On Swing Arm Lamp, Black",477.3,5,0.0,138.417
8457,US-2017-118556,5/28/2017,6/2/2017,Second Class,TH-21235,Tiffany House,Corporate,United States,Chicago,Illinois,60653,Central,FUR-CH-10001146,Furniture,Chairs,"Global Task Chair, Black",106.869,3,0.3,-29.0073
6885,CA-2015-120677,5/31/2015,6/4/2015,Standard Class,BD-11320,Bill Donatelli,Consumer,United States,Minneapolis,Minnesota,55407,Central,FUR-CH-10002320,Furniture,Chairs,Hon Pagoda Stacking Chairs,2567.84,8,0.0,770.352
8901,CA-2016-150483,5/31/2016,6/4/2016,Standard Class,BP-11290,Beth Paige,Consumer,United States,Decatur,Illinois,62521,Central,FUR-FU-10001379,Furniture,Furnishings,"Executive Impressions 16-1/2"" Circular Wall Clock",32.064,3,0.6,-12.8256
7999,US-2014-148194,5/4/2014,5/7/2014,First Class,BS-11365,Bill Shonely,Corporate,United States,Seattle,Washington,98105,West,FUR-FU-10001852,Furniture,Furnishings,"Eldon Regeneration Recycled Desk Accessories, Smoke",12.18,7,0.0,3.8976
305,CA-2015-144253,5/4/2015,5/9/2015,Second Class,AS-10225,Alan Schoenberger,Corporate,United States,New York City,New York,10024,East,FUR-FU-10002671,Furniture,Furnishings,Electrix 20W Halogen Replacement Bulb for Zoom-In Desk Lamp,26.8,2,0.0,12.864
1355,CA-2017-162978,5/4/2017,5/9/2017,Standard Class,LW-16990,Lindsay Williams,Corporate,United States,San Francisco,California,94109,West,FUR-TA-10003473,Furniture,Tables,Bretford Rectangular Conference Table Tops,300.904,1,0.2,11.2839
7115,US-2016-102239,5/5/2016,5/6/2016,First Class,LW-16990,Lindsay Williams,Corporate,United States,Henderson,Nevada,89015,West,FUR-TA-10003392,Furniture,Tables,Global Adaptabilities Conference Tables,1685.88,6,0.0,320.3172
2382,CA-2016-118052,5/6/2016,5/10/2016,Standard Class,BE-11455,Brad Eason,Home Office,United States,Lorain,Ohio,44052,East,FUR-FU-10004848,Furniture,Furnishings,DAX Solid Wood Frames,54.712,7,0.2,11.6263
6566,CA-2014-166086,5/7/2014,5/12/2014,Standard Class,CT-11995,Carol Triggs,Consumer,United States,Lawrence,Massachusetts,1841,East,FUR-CH-10004675,Furniture,Chairs,"Lifetime Advantage Folding Chairs, 4/Carton",872.32,4,0.0,244.2496
1152,CA-2015-113971,5/8/2015,5/14/2015,Standard Class,CB-12535,Claudia Bergmann,Corporate,United States,Cuyahoga Falls,Ohio,44221,East,FUR-FU-10001852,Furniture,Furnishings,"Eldon Regeneration Recycled Desk Accessories, Smoke",8.352,6,0.2,1.2528
245,CA-2014-131926,6/1/2014,6/6/2014,Second Class,DW-13480,Dianna Wilson,Home Office,United States,Lakeville,Minnesota,55044,Central,FUR-CH-10004063,Furniture,Chairs,Global Deluxe High-Back Manager's Chair,2001.86,7,0.0,580.5394
558,CA-2016-113243,6/10/2016,6/15/2016,Standard Class,OT-18730,Olvera Toch,Consumer,United States,Los Angeles,California,90045,West,FUR-TA-10004256,Furniture,Tables,Bretford ÒJust In TimeÓ Height-Adjustable Multi-Task Work Tables,1335.68,4,0.2,-217.048
8370,CA-2016-118745,6/11/2016,6/16/2016,Standard Class,SV-20365,Seth Vernon,Consumer,United States,Los Angeles,California,90049,West,FUR-TA-10003473,Furniture,Tables,Bretford Rectangular Conference Table Tops,902.712,3,0.2,33.8517
2309,US-2017-120418,6/11/2017,6/12/2017,First Class,BC-11125,Becky Castell,Home Office,United States,Peoria,Arizona,85345,West,FUR-CH-10001394,Furniture,Chairs,Global Leather Executive Chair,280.792,1,0.2,35.099
8718,CA-2016-120824,6/12/2016,6/16/2016,Second Class,AW-10930,Arthur Wiediger,Home Office,United States,Houston,Texas,77070,Central,FUR-FU-10001424,Furniture,Furnishings,Dax Clear Box Frame,6.984,2,0.6,-4.5396
7731,CA-2017-104850,6/13/2017,6/19/2017,Standard Class,TW-21025,Tamara Willingham,Home Office,United States,Seattle,Washington,98103,West,FUR-CH-10003774,Furniture,Chairs,"Global Wood Trimmed Manager's Task Chair, Khaki",291.136,4,0.2,-25.4744
8789,CA-2017-126914,6/15/2017,6/19/2017,Standard Class,JE-15715,Joe Elijah,Consumer,United States,Monroe,North Carolina,28110,South,FUR-CH-10000847,Furniture,Chairs,Global Executive Mid-Back Manager's Chair,698.352,3,0.2,52.3764
8790,CA-2017-126914,6/15/2017,6/19/2017,Standard Class,JE-15715,Joe Elijah,Consumer,United States,Monroe,North Carolina,28110,South,FUR-BO-10000468,Furniture,Bookcases,O'Sullivan 2-Shelf Heavy-Duty Bookcases,77.728,2,0.2,-3.8864
5228,CA-2016-119865,6/21/2016,6/26/2016,Standard Class,AS-10090,Adam Shillingsburg,Consumer,United States,New York City,New York,10011,East,FUR-BO-10003272,Furniture,Bookcases,O'Sullivan Living Dimensions 5-Shelf Bookcases,353.568,2,0.2,-44.196
8077,CA-2015-106187,6/23/2015,6/29/2015,Standard Class,RF-19345,Randy Ferguson,Corporate,United States,East Point,Georgia,30344,South,FUR-FU-10000794,Furniture,Furnishings,"Eldon Stackable Tray, Side-Load, Legal, Smoke",27.42,3,0.0,9.3228
8035,CA-2015-119690,6/25/2015,6/28/2015,First Class,MV-17485,Mark Van Huff,Consumer,United States,Houston,Texas,77041,Central,FUR-FU-10004587,Furniture,Furnishings,"GE General Use Halogen Bulbs, 100 Watts, 1 Bulb per Pack",75.384,9,0.6,-20.7306
6977,CA-2015-112144,6/28/2015,7/2/2015,Standard Class,CY-12745,Craig Yedwab,Corporate,United States,Gilbert,Arizona,85234,West,FUR-FU-10004306,Furniture,Furnishings,Electrix Halogen Magnifier Lamp,621.76,4,0.2,46.632
5733,CA-2017-143574,6/29/2017,7/2/2017,First Class,DR-12880,Dan Reichenbach,Corporate,United States,Milford,Connecticut,6460,East,FUR-BO-10002598,Furniture,Bookcases,"Hon Metal Bookcases, Putty",638.82,9,0.0,185.2578
5671,CA-2015-141012,6/9/2015,6/11/2015,Second Class,TG-21640,Trudy Glocke,Consumer,United States,Pocatello,Idaho,83201,West,FUR-FU-10003192,Furniture,Furnishings,Luxo Adjustable Task Clamp Lamp,355.36,4,0.0,92.3936
2092,CA-2017-166142,7/15/2017,7/19/2017,Standard Class,MM-17260,Magdelene Morse,Consumer,United States,Wilmington,Delaware,19805,East,FUR-TA-10004607,Furniture,Tables,Hon 2111 Invitation Series Straight Table,310.443,3,0.3,-48.7839
2440,CA-2017-139948,7/17/2017,7/22/2017,Standard Class,SW-20455,Shaun Weien,Consumer,United States,Tampa,Florida,33614,South,FUR-FU-10002597,Furniture,Furnishings,"C-Line Magnetic Cubicle Keepers, Clear Polypropylene",7.904,2,0.2,2.1736
9805,CA-2015-122973,7/18/2015,7/20/2015,Second Class,PJ-19015,Pauline Johnson,Consumer,United States,New York City,New York,10024,East,FUR-FU-10002364,Furniture,Furnishings,"Eldon Expressions Wood Desk Accessories, Oak",7.38,1,0.0,2.1402
1201,CA-2016-114727,7/18/2016,7/24/2016,Standard Class,LS-16945,Linda Southworth,Corporate,United States,Denver,Colorado,80219,West,FUR-CH-10002335,Furniture,Chairs,Hon GuestStacker Chair,544.008,3,0.2,40.8006
1842,CA-2016-157763,7/18/2016,7/23/2016,Standard Class,KH-16330,Katharine Harms,Corporate,United States,Bowling Green,Kentucky,42104,South,FUR-CH-10000988,Furniture,Chairs,Hon Olson Stacker Stools,140.81,1,0.0,39.4268
3919,US-2017-142573,7/18/2017,7/23/2017,Standard Class,ML-17410,Maris LaWare,Consumer,United States,Phoenix,Arizona,85023,West,FUR-CH-10000513,Furniture,Chairs,High-Back Leather Manager's Chair,311.976,3,0.2,-42.8967
5990,CA-2016-163776,7/19/2016,7/25/2016,Standard Class,JS-16030,Joy Smith,Consumer,United States,Hattiesburg,Mississippi,39401,South,FUR-BO-10003546,Furniture,Bookcases,Hon 4-Shelf Metal Bookcases,504.9,5,0.0,126.225
1159,CA-2016-149314,7/2/2016,7/7/2016,Second Class,GB-14530,George Bell,Corporate,United States,Los Angeles,California,90004,West,FUR-CH-10002126,Furniture,Chairs,Hon Deluxe Fabric Upholstered Stacking Chairs,195.184,1,0.2,19.5184
5972,CA-2014-141726,7/20/2014,7/22/2014,First Class,CC-12145,Charles Crestani,Consumer,United States,San Diego,California,92105,West,FUR-FU-10003577,Furniture,Furnishings,Nu-Dell Leatherette Frames,43.02,3,0.0,15.4872
7845,US-2017-123834,7/21/2017,7/25/2017,Standard Class,GM-14500,Gene McClure,Consumer,United States,Pharr,Texas,78577,Central,FUR-TA-10001676,Furniture,Tables,Hon 61000 Series Interactive Training Tables,124.404,4,0.3,-21.3264
8759,CA-2016-114307,7/22/2016,7/26/2016,Standard Class,MF-17665,Maureen Fritzler,Corporate,United States,Columbia,Maryland,21044,East,FUR-FU-10000794,Furniture,Furnishings,"Eldon Stackable Tray, Side-Load, Legal, Smoke",27.42,3,0.0,9.3228
2809,CA-2015-148635,7/25/2015,7/27/2015,Second Class,MH-18025,Michelle Huthwaite,Consumer,United States,Seattle,Washington,98115,West,FUR-BO-10002213,Furniture,Bookcases,"Sauder Forest Hills Library, Woodland Oak Finish",704.9,5,0.0,56.392
500,CA-2016-126158,7/25/2016,7/31/2016,Standard Class,SC-20095,Sanjit Chand,Consumer,United States,Costa Mesa,California,92627,West,FUR-FU-10000073,Furniture,Furnishings,Deflect-O Glasstique Clear Desk Accessories,69.3,9,0.0,22.869
6785,CA-2017-121293,7/25/2017,7/28/2017,Second Class,JC-15775,John Castell,Consumer,United States,Philadelphia,Pennsylvania,19143,East,FUR-TA-10001771,Furniture,Tables,"Bush Cubix Conference Tables, Fully Assembled",138.588,1,0.4,-34.647
7930,CA-2017-167549,7/25/2017,7/27/2017,First Class,EM-14200,Evan Minnotte,Home Office,United States,Dallas,Texas,75217,Central,FUR-TA-10004767,Furniture,Tables,Safco Drafting Table,298.116,6,0.3,-4.2588
7343,CA-2014-116190,7/26/2014,8/1/2014,Standard Class,SG-20470,Sheri Gordon,Consumer,United States,Atlanta,Georgia,30318,South,FUR-FU-10000719,Furniture,Furnishings,"DAX Cubicle Frames, 8-1/2 x 11",25.71,3,0.0,9.2556
8303,US-2017-167318,7/26/2017,8/1/2017,Standard Class,GZ-14545,George Zrebassa,Corporate,United States,Los Angeles,California,90036,West,FUR-CH-10000665,Furniture,Chairs,"Global Airflow Leather Mesh Back Chair, Black",362.352,3,0.2,45.294
9593,US-2016-105452,7/28/2016,8/1/2016,Standard Class,BF-11005,Barry Franz,Home Office,United States,Pasadena,Texas,77506,Central,FUR-FU-10003806,Furniture,Furnishings,"Tenex Chairmat w/ Average Lip, 45"" x 53""",302.72,5,0.6,-378.4
4675,CA-2016-133550,7/31/2016,8/6/2016,Standard Class,KL-16645,Ken Lonsdale,Consumer,United States,Detroit,Michigan,48205,Central,FUR-FU-10002918,Furniture,Furnishings,Eldon ClusterMat Chair Mat with Cordless Antistatic Protection,272.94,3,0.0,30.0234
4452,CA-2016-147137,7/4/2016,7/6/2016,First Class,AA-10645,Anna Andreadi,Consumer,United States,San Francisco,California,94109,West,FUR-FU-10000221,Furniture,Furnishings,"Master Caster Door Stop, Brown",25.4,5,0.0,8.636
1018,CA-2015-108665,7/6/2015,7/10/2015,Standard Class,KM-16225,Kalyca Meade,Corporate,United States,New York City,New York,10011,East,FUR-FU-10000965,Furniture,Furnishings,"Howard Miller 11-1/2"" Diameter Ridgewood Wall Clock",155.82,3,0.0,63.8862
1017,CA-2015-108665,7/6/2015,7/10/2015,Standard Class,KM-16225,Kalyca Meade,Corporate,United States,New York City,New York,10011,East,FUR-FU-10002191,Furniture,Furnishings,G.E. Halogen Desk Lamp Bulbs,13.96,2,0.0,6.7008
4399,US-2014-138758,7/7/2014,7/11/2014,Standard Class,JL-15835,John Lee,Consumer,United States,Philadelphia,Pennsylvania,19120,East,FUR-FU-10003039,Furniture,Furnishings,"Howard Miller 11-1/2"" Diameter Grantwood Wall Clock",69.008,2,0.2,12.0764
1799,CA-2016-100965,7/7/2016,7/11/2016,Standard Class,RM-19375,Raymond Messe,Consumer,United States,San Jose,California,95123,West,FUR-FU-10003039,Furniture,Furnishings,"Howard Miller 11-1/2"" Diameter Grantwood Wall Clock",215.65,5,0.0,73.321
2375,CA-2016-159940,7/7/2016,7/11/2016,Second Class,BF-11020,Barry Franzsisch,Corporate,United States,Aurora,Illinois,60505,Central,FUR-CH-10000785,Furniture,Chairs,Global Ergonomic Managers Chair,253.372,2,0.3,-14.4784
6288,CA-2014-100090,7/8/2014,7/12/2014,Standard Class,EB-13705,Ed Braxton,Corporate,United States,San Francisco,California,94122,West,FUR-TA-10003715,Furniture,Tables,Hon 2111 Invitation Series Corner Table,502.488,3,0.2,-87.9354
9244,CA-2014-113271,7/9/2014,7/14/2014,Standard Class,DS-13030,Darrin Sayre,Home Office,United States,San Francisco,California,94122,West,FUR-BO-10004218,Furniture,Bookcases,"Bush Heritage Pine Collection 5-Shelf Bookcase, Albany Pine Finish, *Special Order",119.833,1,0.15,7.049
1412,CA-2016-136329,7/9/2016,7/13/2016,Standard Class,JD-15895,Jonathan Doherty,Corporate,United States,New York City,New York,10035,East,FUR-CH-10002335,Furniture,Chairs,Hon GuestStacker Chair,408.006,2,0.1,72.5344
1413,CA-2016-136329,7/9/2016,7/13/2016,Standard Class,JD-15895,Jonathan Doherty,Corporate,United States,New York City,New York,10035,East,FUR-FU-10000723,Furniture,Furnishings,"Deflect-o EconoMat Studded, No Bevel Mat for Low Pile Carpeting",165.28,4,0.0,14.8752
5758,CA-2015-119634,8/11/2015,8/16/2015,Standard Class,BW-11065,Barry Weirich,Consumer,United States,Raleigh,North Carolina,27604,South,FUR-FU-10004270,Furniture,Furnishings,"Executive Impressions 13"" Clairmont Wall Clock",46.152,3,0.2,12.1149
9220,US-2015-164238,8/16/2015,8/20/2015,Standard Class,JW-15955,Joni Wasserman,Consumer,United States,Philadelphia,Pennsylvania,19120,East,FUR-BO-10000780,Furniture,Bookcases,O'Sullivan Plantations 2-Door Library in Landvery Oak,301.47,3,0.5,-204.9996
6134,CA-2016-148096,8/16/2016,8/19/2016,First Class,AO-10810,Anthony O'Donnell,Corporate,United States,Los Angeles,California,90045,West,FUR-TA-10004152,Furniture,Tables,"Barricks 18"" x 48"" Non-Folding Utility Table with Bottom Storage Shelf",161.28,2,0.2,12.096
7188,CA-2017-133102,8/17/2017,8/24/2017,Standard Class,ED-13885,Emily Ducich,Home Office,United States,Houston,Texas,77095,Central,FUR-FU-10003247,Furniture,Furnishings,36X48 HARDFLOOR CHAIRMAT,16.784,2,0.6,-22.2388
9126,CA-2016-128916,8/18/2016,8/20/2016,Second Class,MA-17560,Matt Abelman,Home Office,United States,Houston,Texas,77070,Central,FUR-FU-10000320,Furniture,Furnishings,OIC Stacking Trays,5.344,4,0.6,-2.1376
5245,CA-2016-156265,8/2/2016,8/4/2016,Second Class,BF-11020,Barry Franzsisch,Corporate,United States,Los Angeles,California,90032,West,FUR-TA-10001691,Furniture,Tables,"Barricks Non-Folding Utility Table with Steel Legs, Laminate Tops",136.464,2,0.2,15.3522
5630,US-2016-146066,8/21/2016,8/23/2016,Second Class,RB-19465,Rick Bensley,Home Office,United States,Philadelphia,Pennsylvania,19143,East,FUR-TA-10002530,Furniture,Tables,"Iceberg OfficeWorks 42"" Round Tables",815.292,9,0.4,-339.705
3605,CA-2017-112956,8/21/2017,8/27/2017,Standard Class,TH-21550,Tracy Hopkins,Home Office,United States,Columbia,Maryland,21044,East,FUR-FU-10003976,Furniture,Furnishings,"DAX Executive Solid Wood Document Frame, Desktop or Hang, Mahogany, 5 x 7",25.16,2,0.0,8.5544
7022,CA-2014-124737,8/23/2014,8/27/2014,Standard Class,AP-10915,Arthur Prichep,Consumer,United States,Denver,Colorado,80219,West,FUR-FU-10003274,Furniture,Furnishings,Regeneration Desk Collection,4.224,3,0.2,1.2672
6797,CA-2015-168809,8/25/2015,8/25/2015,Same Day,MC-18100,Mick Crebagga,Consumer,United States,Houston,Texas,77041,Central,FUR-FU-10001473,Furniture,Furnishings,"Eldon Executive Woodline II Desk Accessories, Mahogany",20.104,2,0.6,-16.5858
5334,CA-2014-103331,8/26/2014,9/1/2014,Standard Class,KB-16315,Karl Braun,Consumer,United States,Newark,Delaware,19711,East,FUR-FU-10001731,Furniture,Furnishings,Acrylic Self-Standing Desk Frames,10.68,4,0.0,4.0584
7705,CA-2016-114601,8/26/2016,9/2/2016,Standard Class,AA-10480,Andrew Allen,Consumer,United States,Detroit,Michigan,48234,Central,FUR-TA-10004147,Furniture,Tables,Hon 4060 Series Tables,447.84,4,0.0,98.5248
1464,CA-2016-152289,8/26/2016,8/28/2016,First Class,LC-16930,Linda Cazamias,Corporate,United States,Pasadena,Texas,77506,Central,FUR-CH-10002126,Furniture,Chairs,Hon Deluxe Fabric Upholstered Stacking Chairs,1024.716,6,0.3,-29.2776
4684,CA-2016-159912,8/29/2016,9/3/2016,Standard Class,GB-14530,George Bell,Corporate,United States,Philadelphia,Pennsylvania,19120,East,FUR-TA-10004152,Furniture,Tables,"Barricks 18"" x 48"" Non-Folding Utility Table with Bottom Storage Shelf",241.92,4,0.4,-56.448
4633,CA-2017-168396,8/3/2017,8/8/2017,Second Class,BD-11725,Bruce Degenhardt,Consumer,United States,San Francisco,California,94122,West,FUR-FU-10000723,Furniture,Furnishings,"Deflect-o EconoMat Studded, No Bevel Mat for Low Pile Carpeting",123.96,3,0.0,11.1564
8955,CA-2014-156790,8/8/2014,8/10/2014,Second Class,VG-21790,Vivek Gonzalez,Consumer,United States,Jacksonville,Florida,32216,South,FUR-BO-10000468,Furniture,Bookcases,O'Sullivan 2-Shelf Heavy-Duty Bookcases,155.456,4,0.2,-7.7728
3497,CA-2016-107328,8/8/2016,8/15/2016,Standard Class,CA-12055,Cathy Armstrong,Home Office,United States,Los Angeles,California,90036,West,FUR-TA-10001932,Furniture,Tables,"Chromcraft 48"" x 96"" Racetrack Double Pedestal Table",513.024,2,0.2,12.8256
5035,CA-2015-103954,8/9/2015,8/13/2015,Second Class,HR-14770,Hallie Redmond,Home Office,United States,Milwaukee,Wisconsin,53209,Central,FUR-BO-10004690,Furniture,Bookcases,O'Sullivan Cherrywood Estates Traditional Barrister Bookcase,687.4,5,0.0,48.118
1585,CA-2015-131338,8/9/2015,8/12/2015,First Class,NP-18325,Naresj Patel,Consumer,United States,New York City,New York,10024,East,FUR-FU-10001706,Furniture,Furnishings,Longer-Life Soft White Bulbs,6.16,2,0.0,2.9568
7124,CA-2015-128013,8/9/2015,8/16/2015,Standard Class,MF-18250,Monica Federle,Corporate,United States,New York City,New York,10035,East,FUR-FU-10000320,Furniture,Furnishings,OIC Stacking Trays,10.02,3,0.0,4.4088
2818,CA-2015-104626,9/1/2015,9/8/2015,Standard Class,DR-12940,Daniel Raglin,Home Office,United States,Franklin,Massachusetts,2038,East,FUR-FU-10000308,Furniture,Furnishings,Deflect-o Glass Clear Studded Chair Mats,124.36,2,0.0,27.3592
7526,CA-2014-125731,9/10/2014,9/16/2014,Standard Class,CL-12565,Clay Ludtke,Consumer,United States,Gresham,Oregon,97030,West,FUR-CH-10003973,Furniture,Chairs,GuestStacker Chair with Chrome Finish Legs,1487.04,5,0.2,148.704
7724,CA-2015-139374,9/10/2015,9/14/2015,Standard Class,AR-10345,Alex Russell,Corporate,United States,Austin,Texas,78745,Central,FUR-CH-10003981,Furniture,Chairs,Global Commerce Series Low-Back Swivel/Tilt Chairs,179.886,1,0.3,-2.5698
553,CA-2017-112774,9/11/2017,9/12/2017,First Class,RC-19960,Ryan Crowe,Consumer,United States,Jacksonville,Florida,32216,South,FUR-FU-10003039,Furniture,Furnishings,"Howard Miller 11-1/2"" Diameter Grantwood Wall Clock",34.504,1,0.2,6.0382
3044,CA-2017-149559,9/11/2017,9/12/2017,Same Day,KF-16285,Karen Ferguson,Home Office,United States,Long Beach,California,90805,West,FUR-CH-10002320,Furniture,Chairs,Hon Pagoda Stacking Chairs,2054.272,8,0.2,256.784
9426,CA-2014-116246,9/12/2014,9/17/2014,Second Class,LW-17215,Luke Weiss,Consumer,United States,New York City,New York,10035,East,FUR-CH-10002024,Furniture,Chairs,HON 5400 Series Task Chairs for Big and Tall,3785.292,6,0.1,420.588
311,CA-2016-142902,9/12/2016,9/14/2016,Second Class,BP-11185,Ben Peterman,Corporate,United States,Arvada,Colorado,80004,West,FUR-CH-10004086,Furniture,Chairs,Hon 4070 Series Pagoda Armless Upholstered Stacking Chairs,466.768,2,0.2,52.5114
312,CA-2016-142902,9/12/2016,9/14/2016,Second Class,BP-11185,Ben Peterman,Corporate,United States,Arvada,Colorado,80004,West,FUR-FU-10001756,Furniture,Furnishings,"Eldon Expressions Desk Accessory, Wood Photo Frame, Mahogany",15.232,1,0.2,1.7136
8807,CA-2016-113082,9/12/2016,9/16/2016,Standard Class,MC-17590,Matt Collister,Corporate,United States,Utica,New York,13501,East,FUR-FU-10002813,Furniture,Furnishings,"DAX Contemporary Wood Frame with Silver Metal Mat, Desktop, 11 x 14 Size",40.48,2,0.0,14.5728
1510,CA-2017-103611,9/12/2017,9/15/2017,First Class,JM-15535,Jessica Myrick,Consumer,United States,Los Angeles,California,90036,West,FUR-FU-10004270,Furniture,Furnishings,"Eldon Image Series Desk Accessories, Burgundy",8.36,2,0.0,3.0096
5189,CA-2015-115567,9/13/2015,9/18/2015,Standard Class,ZC-21910,Zuschuss Carroll,Consumer,United States,Columbus,Indiana,47201,Central,FUR-CH-10000015,Furniture,Chairs,Hon Multipurpose Stacking Arm Chairs,1516.2,7,0.0,394.212
9910,US-2015-129007,9/13/2015,9/15/2015,First Class,KD-16615,Ken Dana,Corporate,United States,Anaheim,California,92804,West,FUR-FU-10004018,Furniture,Furnishings,Tensor Computer Mounted Lamp,44.67,3,0.0,12.0609
6788,CA-2015-118843,9/13/2015,9/20/2015,Standard Class,JH-15910,Jonathan Howell,Consumer,United States,Atlanta,Georgia,30318,South,FUR-FU-10003975,Furniture,Furnishings,Eldon Advantage Chair Mats for Low to Medium Pile Carpets,129.93,3,0.0,12.993
9582,CA-2017-152975,9/14/2017,9/16/2017,First Class,RB-19705,Roger Barcio,Home Office,United States,New York City,New York,10035,East,FUR-CH-10003298,Furniture,Chairs,"Office Star - Contemporary Task Swivel chair with Loop Arms, Charcoal",589.41,5,0.1,-6.549
2327,CA-2015-105102,9/15/2015,9/19/2015,Second Class,BM-11575,Brendan Murry,Corporate,United States,New York City,New York,10035,East,FUR-BO-10004709,Furniture,Bookcases,"Bush Westfield Collection Bookcases, Medium Cherry Finish",46.384,1,0.2,1.1596
9028,US-2016-152415,9/17/2016,9/22/2016,Standard Class,PO-18865,Patrick O'Donnell,Consumer,United States,Marlborough,Massachusetts,1752,East,FUR-FU-10002597,Furniture,Furnishings,"C-Line Magnetic Cubicle Keepers, Clear Polypropylene",14.82,3,0.0,6.2244
9029,US-2016-152415,9/17/2016,9/22/2016,Standard Class,PO-18865,Patrick O'Donnell,Consumer,United States,Marlborough,Massachusetts,1752,East,FUR-FU-10004864,Furniture,Furnishings,"Howard Miller 14-1/2"" Diameter Chrome Round Wall Clock",191.82,3,0.0,61.3824
2257,CA-2016-164091,9/17/2016,9/22/2016,Standard Class,LA-16780,Laura Armstrong,Corporate,United States,Bangor,Maine,4401,East,FUR-FU-10004952,Furniture,Furnishings,"C-Line Cubicle Keepers Polyproplyene Holder w/Velcro Back, 8-1/2x11, 25/Bx",109.48,2,0.0,33.9388
2304,CA-2017-157931,9/17/2017,9/22/2017,Second Class,MO-17800,Meg O'Connel,Home Office,United States,Roswell,Georgia,30076,South,FUR-CH-10000785,Furniture,Chairs,Global Ergonomic Managers Chair,723.92,4,0.0,188.2192
2655,CA-2017-112515,9/17/2017,9/21/2017,Second Class,AS-10225,Alan Schoenberger,Corporate,United States,Provo,Utah,84604,West,FUR-BO-10003404,Furniture,Bookcases,"Global Adaptabilites Bookcase, Cherry/Storm Gray Finish",1292.94,3,0.0,77.5764
3543,CA-2016-157511,9/18/2016,9/20/2016,First Class,SV-20365,Seth Vernon,Consumer,United States,Columbus,Ohio,43229,East,FUR-CH-10002647,Furniture,Chairs,"Situations Contoured Folding Chairs, 4/Set",99.372,2,0.3,-7.098
2926,CA-2014-157721,9/2/2014,9/5/2014,First Class,JM-16195,Justin MacKendrick,Consumer,United States,Watertown,New York,13601,East,FUR-FU-10002116,Furniture,Furnishings,"Tenex Carpeted, Granite-Look or Clear Contemporary Contour Shape Chair Mats",70.71,1,0.0,4.9497
9233,CA-2016-126732,9/2/2016,9/6/2016,Standard Class,LR-16915,Lena Radford,Consumer,United States,Los Angeles,California,90036,West,FUR-FU-10001889,Furniture,Furnishings,Ultra Door Pull Handle,94.68,9,0.0,31.2444
1954,CA-2017-157987,9/2/2017,9/6/2017,Standard Class,AC-10615,Ann Chong,Corporate,United States,New York City,New York,10009,East,FUR-CH-10003379,Furniture,Chairs,Global Commerce Series High-Back Swivel/Tilt Chairs,1282.41,5,0.1,213.735
126,US-2014-134614,9/20/2014,9/25/2014,Standard Class,PF-19165,Philip Fox,Consumer,United States,Bloomington,Illinois,61701,Central,FUR-TA-10004534,Furniture,Tables,Bevis 44 x 96 Conference Tables,617.7,6,0.5,-407.682
9656,CA-2014-156160,9/22/2014,9/29/2014,Standard Class,AS-10090,Adam Shillingsburg,Consumer,United States,New York City,New York,10035,East,FUR-FU-10001876,Furniture,Furnishings,"Computer Room Manger, 14""",97.44,3,0.0,35.0784
3352,US-2014-134733,9/23/2014,9/28/2014,Standard Class,BM-11650,Brian Moss,Corporate,United States,San Diego,California,92037,West,FUR-BO-10002916,Furniture,Bookcases,"Rush Hierlooms Collection 1"" Thick Stackable Bookcases",435.999,3,0.15,20.5176
6285,CA-2016-100944,9/24/2016,9/28/2016,Standard Class,EH-13765,Edward Hooks,Corporate,United States,Los Angeles,California,90049,West,FUR-CH-10000988,Furniture,Chairs,Hon Olson Stacker Stools,563.24,5,0.2,56.324
8485,CA-2017-142391,9/24/2017,9/24/2017,Same Day,PB-19150,Philip Brown,Consumer,United States,Seattle,Washington,98115,West,FUR-FU-10002759,Furniture,Furnishings,12-1/2 Diameter Round Wall Clock,199.8,10,0.0,71.928
9353,CA-2017-148411,9/24/2017,9/26/2017,First Class,RO-19780,Rose O'Brian,Consumer,United States,Chicago,Illinois,60623,Central,FUR-CH-10003973,Furniture,Chairs,GuestStacker Chair with Chrome Finish Legs,520.464,2,0.3,-14.8704
2826,US-2014-112914,9/25/2014,9/30/2014,Standard Class,MT-18070,Michelle Tran,Home Office,United States,Houston,Texas,77041,Central,FUR-BO-10003272,Furniture,Bookcases,O'Sullivan Living Dimensions 5-Shelf Bookcases,300.5328,2,0.32,-97.2312
5622,US-2016-124163,9/25/2016,9/30/2016,Standard Class,SC-20695,Steve Chapman,Corporate,United States,La Crosse,Wisconsin,54601,Central,FUR-CH-10004218,Furniture,Chairs,"Global Fabric Manager's Chair, Dark Gray",201.96,2,0.0,50.49
4474,CA-2017-121300,9/29/2017,9/29/2017,Same Day,MG-17680,Maureen Gastineau,Home Office,United States,Mentor,Ohio,44060,East,FUR-TA-10004442,Furniture,Tables,Riverside Furniture Stanwyck Manor Table Series,344.22,2,0.4,-189.321
6946,CA-2016-106243,9/30/2016,10/4/2016,Standard Class,GM-14680,Greg Matthias,Consumer,United States,New York City,New York,10011,East,FUR-BO-10003034,Furniture,Bookcases,"O'Sullivan Elevations Bookcase, Cherry Finish",523.92,5,0.2,-26.196
9929,CA-2016-129630,9/4/2016,9/4/2016,Same Day,IM-15055,Ionia McGrath,Consumer,United States,San Francisco,California,94122,West,FUR-FU-10000260,Furniture,Furnishings,"6"" Cubicle Wall Clock, Black",24.27,3,0.0,8.7372
5331,CA-2016-123120,9/4/2016,9/8/2016,Standard Class,CV-12295,Christina VanderZanden,Consumer,United States,New York City,New York,10011,East,FUR-FU-10004748,Furniture,Furnishings,"Howard Miller 16"" Diameter Gallery Wall Clock",63.94,1,0.0,24.9366
3513,CA-2017-140326,9/4/2017,9/6/2017,First Class,HW-14935,Helen Wasserman,Corporate,United States,Chicago,Illinois,60653,Central,FUR-BO-10000112,Furniture,Bookcases,"Bush Birmingham Collection Bookcase, Dark Cherry",825.174,9,0.3,-117.882
7304,US-2017-117450,9/4/2017,9/8/2017,Standard Class,DO-13645,Doug O'Connell,Consumer,United States,Boynton Beach,Florida,33437,South,FUR-CH-10003817,Furniture,Chairs,"Global Value Steno Chair, Gray",97.184,2,0.2,6.074
5430,CA-2014-136861,9/5/2014,9/7/2014,First Class,PR-18880,Patrick Ryan,Consumer,United States,Saint Petersburg,Florida,33710,South,FUR-FU-10001967,Furniture,Furnishings,Telescoping Adjustable Floor Lamp,31.984,2,0.2,1.999
5282,CA-2015-105158,9/5/2015,9/10/2015,Standard Class,SP-20860,Sung Pak,Corporate,United States,Rochester,Minnesota,55901,Central,FUR-FU-10001706,Furniture,Furnishings,Longer-Life Soft White Bulbs,6.16,2,0.0,2.9568
7591,CA-2016-158778,9/5/2016,9/9/2016,Standard Class,DB-13210,Dean Braden,Consumer,United States,Philadelphia,Pennsylvania,19134,East,FUR-FU-10000260,Furniture,Furnishings,"6"" Cubicle Wall Clock, Black",58.248,9,0.2,11.6496
3145,US-2016-148110,9/5/2016,9/11/2016,Standard Class,AR-10825,Anthony Rawles,Corporate,United States,Austin,Texas,78745,Central,FUR-CH-10002647,Furniture,Chairs,"Situations Contoured Folding Chairs, 4/Set",347.802,7,0.3,-24.843
5981,CA-2014-117765,9/7/2014,9/13/2014,Standard Class,RB-19465,Rick Bensley,Home Office,United States,Tulsa,Oklahoma,74133,Central,FUR-CH-10004698,Furniture,Chairs,"Padded Folding Chairs, Black, 4/Carton",161.96,2,0.0,45.3488
8630,CA-2015-164084,9/7/2015,9/12/2015,Standard Class,AG-10525,Andy Gerbode,Corporate,United States,New York City,New York,10011,East,FUR-TA-10003569,Furniture,Tables,Bretford CR8500 Series Meeting Room Furniture,481.176,2,0.4,-120.294
2806,CA-2015-122623,9/7/2015,9/11/2015,Standard Class,CC-12145,Charles Crestani,Consumer,United States,El Paso,Texas,79907,Central,FUR-CH-10000553,Furniture,Chairs,"Metal Folding Chairs, Beige, 4/Carton",47.516,2,0.3,-2.0364
5547,CA-2017-151008,9/7/2017,9/8/2017,First Class,JM-16195,Justin MacKendrick,Consumer,United States,Draper,Utah,84020,West,FUR-FU-10002396,Furniture,Furnishings,"DAX Copper Panel Document Frame, 5 x 7 Size",25.16,2,0.0,10.5672
4626,CA-2017-147228,9/9/2017,9/14/2017,Standard Class,SO-20335,Sean O'Donnell,Consumer,United States,Columbia,Tennessee,38401,South,FUR-FU-10000023,Furniture,Furnishings,Eldon Wave Desk Accessories,14.136,3,0.2,4.2408
1218,US-2017-118087,9/9/2017,9/13/2017,Standard Class,SP-20620,Stefania Perrino,Corporate,United States,Philadelphia,Pennsylvania,19134,East,FUR-FU-10001867,Furniture,Furnishings,"Eldon Expressions Punched Metal & Wood Desk Accessories, Pewter & Cherry",17.024,2,0.2,1.7024
